"Name","Count"
"tradeline_apple_report","4"
"tradeline_check_report_invoice_line","4"
"tradeline_new_invoice_report","4"
"tradeline_invoice_exel_report","3"
"tradeline_payment_report_excel","3"
"tradeline_report_stock_serial","3"
"tradeline_lot_reports","3"
"tradeline_extended_warranty_report_excel","2"
"tradeline_inventory_operation_report_excel","2"
"tradeline_sale_order_line_report","2"
"custom_crm_invoice_reports","2"
"tradeline_invoice_sales_rep_exel_report","2"
"tradeline_invoice_report_tax","2"
"tradeline_invoice_report_excel","2"
"tradeline_invoice_exel_report2","2"
"tradeline_sales_rep_payment_report_excel","2"
"tradeline_average_invoice_line_and_average_amount_report_excel","2"
"tradeline_credit_report_tax2","2"
"tradeline_contact_report_excel","2"
"product_qty_sold_and_qty_sales_rep_exel_report","2"
"tradeline_credit_report_tax","2"
"tradeline_update_genrate_serial_table","2"
"tradeline_upload_expire_voucher_serial_excel","1"
"tradline_pos_order_lot","1"
"tradeline_payment_report_custom","1"
"tradline_validation_lot_name","1"
"tradline_lot_unique_disable","1"
"tradeline_report_pos_sales_details","1"
"tradeline_update_inventory_valution_vat","1"
"tradeline_report_tax","1"
"tradeline_product_template_report","1"
"tradeline_po_ref_invocie_report","1"
"tradeline_sales_report_point","1"
"tradeline_product_category_lot","1"
"tradeline_lot_unique","1"
"tradeline_custom_invoice_report_itemcode","1"
"tradeline_custom_inventory_adjustments","1"
"tradeline_custom_report_stock_serial","1"
"tradeline_custom_invoice_report_offer","1"
"tradeline_currency_report","1"
"search_products_with_serial_no","1"
"custom_reporting","1"
"serial_num","1"
"serial_lot","1"
"tradeline_invoice_report_custom","1"
"tradeline_invoice_line_report","1"
"tradeline_lot_serial_purchase","1"
"tradeline_item_code_lot","1"
"tradeline_inventory_valuation_report","1"
"tradeline_edit_invoice_line_report","1"
"tradeline_custom_report_transfer","1"
"tradeline_import_update_serial_name","1"
"tradeline_import_update_serial","1"
